Year,"Country of origin","Country of origin (ISO)","Country of asylum","Country of asylum (ISO)",Authority,"Stage of procedure","Cases / Persons","Recognized decisions","Complementary protection","Rejected decisions","Otherwise closed","Total decisions"
2000,-,-,-,-,G,AR,C,3939,0,21349,1436,26725
2001,-,-,-,-,G,AR,C,8892,0,40060,2015,50972
2002,-,-,-,-,G,AR,C,14070,0,53519,5425,73204
2003,-,-,-,-,G,AR,C,15908,0,67351,4975,88234
2004,-,-,-,-,G,AR,C,11971,0,47039,2566,61576
2005,-,-,-,-,G,AR,C,7067,0,28113,2081,37261
2006,-,-,-,-,G,AR,C,4196,0,13911,998,19150
2007,-,-,-,-,G,AR,C,3887,5,12781,1010,17683
2008,-,-,-,-,G,AR,C,2940,0,9370,918,13228
2009,-,-,-,-,G,AR,C,4678,0,11460,880,17018
2010,-,-,-,-,G,AR,C,563,0,1830,140,2533
2011,-,-,-,-,G,AR,C,4053,52,18985,798,24814
2012,-,-,-,-,G,AR,C,5357,0,8708,758,14823
2013,-,-,-,-,G,AR,C,3204,5,8081,759,12049
2014,-,-,-,-,G,AR,C,2460,0,6711,546,9717
2015,-,-,-,-,G,AR,C,3985,0,7955,756,12696
2016,-,-,-,-,G,AR,C,5038,0,6649,594,12281
2017,-,-,-,-,G,AR,C,5022,0,8531,589,14142
2018,-,-,-,-,G,AR,C,4383,0,6580,541,11504
2019,-,-,-,-,G,AR,C,3974,0,4989,637,9600
2020,-,-,-,-,G,AR,C,1510,0,1871,383,3764
2021,-,-,-,-,G,AR,C,1698,0,1663,506,3867
2022,-,-,-,-,G,AR,C,1758,40,4552,697,7047
2023,-,-,-,-,G,AR,C,625,0,487,89,1201
2000,-,-,-,-,G,AR,P,4326,4525,49907,14364,73122
2001,-,-,-,-,G,AR,P,5283,5287,41948,37850,90382
2002,-,-,-,-,G,AR,P,5827,6874,72857,12632,98199
2003,-,-,-,-,G,AR,P,6682,4567,62157,12920,85416
2004,-,-,-,-,G,AR,P,7426,2817,69216,15758,95255
2005,-,-,-,-,G,AR,P,11319,4557,82552,21872,120300
2006,-,-,-,-,G,AR,P,6612,3071,43291,10204,63179
2007,-,-,-,-,G,AR,P,5872,3859,36495,11114,57340
2008,-,-,-,-,G,AR,P,6337,2565,37112,7213,59274
2009,-,-,-,-,G,AR,P,5162,3422,45383,7458,61425
2010,-,-,-,-,G,AR,P,10001,1594,52066,3663,67323
2011,-,-,-,-,G,AR,P,1225,1725,29289,19104,51280
2012,-,-,-,-,G,AR,P,5792,2939,58258,14056,88635
2013,-,-,-,-,G,AR,P,6229,4671,66861,13322,91083
2014,-,-,-,-,G,AR,P,7868,3764,90085,29146,130863
2015,-,-,-,-,G,AR,P,7277,2884,76238,18062,104461
2016,-,-,-,-,G,AR,P,6947,7810,62456,633761,710974
2017,-,-,-,-,G,AR,P,11929,4608,72767,57265,146569
2018,-,-,-,-,G,AR,P,13127,3044,53133,49938,119242
2019,-,-,-,-,G,AR,P,22473,5271,83088,43457,154291
2020,-,-,-,-,G,AR,P,24947,4943,90714,20743,141348
2021,-,-,-,-,G,AR,P,20472,6351,80826,50095,157744
2022,-,-,-,-,G,AR,P,24907,4448,93802,54186,177343
2023,-,-,-,-,G,AR,P,23489,4445,68951,87019,183904
2000,-,-,-,-,G,BL,C,0,10325,0,1325,11650
2006,-,-,-,-,G,BL,P,4674,0,24651,0,29325
2007,-,-,-,-,G,BL,P,107,4022,570,3512,8211
2000,-,-,-,-,G,CA,P,0,5538,0,0,5538
2001,-,-,-,-,G,CA,P,0,11011,0,0,11011
2002,-,-,-,-,G,CA,P,0,8727,0,0,8727
2003,-,-,-,-,G,CA,P,0,5848,0,0,5848
2004,-,-,-,-,G,CA,P,0,4773,0,0,4773
2000,-,-,-,-,G,EO,C,7303,0,15980,28776,52103
2001,-,-,-,-,G,EO,C,7807,0,14890,21904,44601
2002,-,-,-,-,G,EO,P,8657,0,18364,26164,53185
2003,-,-,-,-,G,EO,P,10896,0,22389,32553,65838
2004,-,-,-,-,G,EO,P,10853,0,20908,32546,64307
2005,-,-,-,-,G,EO,P,10206,0,19243,29848,59297
2006,-,-,-,-,G,EO,P,13241,0,16326,27840,57407
2007,-,-,-,-,G,EO,P,7776,0,7512,20974,36262
2008,-,-,-,-,G,EO,P,6944,0,6638,15521,29103
2009,-,-,-,-,G,EO,P,10166,0,11331,23326,44823
2010,-,-,-,-,G,EO,P,9832,0,9539,21164,40535
2011,-,-,-,-,G,EO,P,12126,0,10682,19747,42555
2012,-,-,-,-,G,EO,P,10906,0,9165,24251,44322
2013,-,-,-,-,G,EO,P,9638,0,8906,19013,37557
2014,-,-,-,-,G,EO,P,9035,1692,9364,18734,38825
2015,-,-,-,-,G,EO,P,8081,602,9217,26091,43991
2016,-,-,-,-,G,EO,P,9290,0,12537,34305,56132
2017,-,-,-,-,G,EO,P,7420,0,18434,12635,38489
2018,-,-,-,-,G,EO,P,9933,0,28909,16036,54878
2019,-,-,-,-,G,EO,P,15266,0,50791,20480,86537
2020,-,-,-,-,G,EO,P,7450,0,27909,9964,45323
2021,-,-,-,-,G,EO,P,6613,0,12892,20301,39806
2022,-,-,-,-,G,EO,P,18768,0,29999,82594,131361
2023,-,-,-,-,G,EO,P,24689,0,31115,129859,185663
2005,-,-,-,-,G,FA,C,69,56,106,604,835
2006,-,-,-,-,G,FA,C,16,5,163,5,189
2007,-,-,-,-,G,FA,C,52,5,101,22,180
2008,-,-,-,-,G,FA,C,47,70,57,78,252
2009,-,-,-,-,G,FA,C,0,0,0,10,10
2014,-,-,-,-,G,FA,C,27,0,61,0,88
2015,-,-,-,-,G,FA,C,135,0,0,0,135
2000,-,-,-,-,G,FA,P,2619,0,28040,14830,45489
2001,-,-,-,-,G,FA,P,3249,556,14398,21501,39704
2002,-,-,-,-,G,FA,P,2197,704,17150,24528,44579
2003,-,-,-,-,G,FA,P,2807,2181,15448,29300,49736
2004,-,-,-,-,G,FA,P,17460,4101,13004,16410,50975
2005,-,-,-,-,G,FA,P,15233,6205,14286,17694,53418
2006,-,-,-,-,G,FA,P,17783,22141,26007,17630,83561
2007,-,-,-,-,G,FA,P,14286,6775,26955,13767,61783
2008,-,-,-,-,G,FA,P,6582,6186,16633,9859,39260
2009,-,-,-,-,G,FA,P,62119,1818,22843,14589,101369
2010,-,-,-,-,G,FA,P,27472,8749,19835,24413,80469
2011,-,-,-,-,G,FA,P,30595,2278,27737,17702,78312
2012,-,-,-,-,G,FA,P,25145,2405,31853,10002,69397
2013,-,-,-,-,G,FA,P,24632,1865,22849,22274,71620
2014,-,-,-,-,G,FA,P,18599,572,3402,7892,30465
2015,-,-,-,-,G,FA,P,48038,3037,23172,167691,241938
2016,-,-,-,-,G,FA,P,42818,4373,21910,65247,134348
2017,-,-,-,-,G,FA,P,82507,8402,27021,46061,163991
2018,-,-,-,-,G,FA,P,21525,5668,23872,17306,68371
2019,-,-,-,-,G,FA,P,15812,2580,23627,21387,63406
2020,-,-,-,-,G,FA,P,11119,3631,19445,15764,49959
2021,-,-,-,-,G,FA,P,18710,8925,30356,21755,79746
2022,-,-,-,-,G,FA,P,19785,12729,35078,122656,190248
2023,-,-,-,-,G,FA,P,26396,17236,50131,62463,156226
2000,-,-,-,-,G,FI,C,15062,11517,60343,29915,116851
2001,-,-,-,-,G,FI,C,16773,19835,80887,29332,147022
2002,-,-,-,-,G,FI,C,8410,20234,47093,20623,96260
2003,-,-,-,-,G,FI,C,2670,0,1729,921,5320
2004,-,-,-,-,G,FI,C,153,0,1658,299,2110
2005,-,-,-,-,G,FI,C,0,0,131,91,222
2006,-,-,-,-,G,FI,C,0,0,0,25,25
2008,-,-,-,-,G,FI,C,105,0,435,119,659
2010,-,-,-,-,G,FI,C,20,121,365,281,787
2011,-,-,-,-,G,FI,C,10,89,76,286,461
2012,-,-,-,-,G,FI,C,23,0,0,2274,2297
2013,-,-,-,-,G,FI,C,14688,5,71,107,14871
2014,-,-,-,-,G,FI,C,973,0,214,5,1192
2015,-,-,-,-,G,FI,C,596,0,152,218,966
2017,-,-,-,-,G,FI,C,2524,699,4341,1219,8783
2018,-,-,-,-,G,FI,C,28,0,89,13,130
2019,-,-,-,-,G,FI,C,1797,406,2013,649,4865
2022,-,-,-,-,G,FI,C,68,45,6249,4541,10903
2023,-,-,-,-,G,FI,C,37,0,251,128,416
2000,-,-,-,-,G,FI,P,122637,52360,260094,91703,527694
2001,-,-,-,-,G,FI,P,50432,36261,137660,72147,296502
2002,-,-,-,-,G,FI,P,74293,22951,177398,69811,344294
2003,-,-,-,-,G,FI,P,69911,27066,244752,88608,430372
2004,-,-,-,-,G,FI,P,45822,21574,216807,72550,356753
2005,-,-,-,-,G,FI,P,36119,38158,154502,68310,297089
2006,-,-,-,-,G,FI,P,31098,24133,117338,45202,217771
2007,-,-,-,-,G,FI,P,37955,41537,122892,53040,255381
2008,-,-,-,-,G,FI,P,62405,45659,211680,71825,391048
2009,-,-,-,-,G,FI,P,46962,42301,205547,59038,353344
2010,-,-,-,-,G,FI,P,53111,29750,213297,45160,341318
2011,-,-,-,-,G,FI,P,53372,33295,208194,48543,343233
2012,-,-,-,-,G,FI,P,79423,36634,233749,77575,429277
2013,-,-,-,-,G,FI,P,73535,54509,213659,85481,427184
2014,-,-,-,-,G,FI,P,106276,72918,244869,109549,533612
2015,-,-,-,-,G,FI,P,140416,73083,249722,82399,545620
2016,-,-,-,-,G,FI,P,154273,118903,275255,379279,927710
2017,-,-,-,-,G,FI,P,140000,77238,297451,105847,620536
2018,-,-,-,-,G,FI,P,172595,83969,297728,129243,683536
2019,-,-,-,-,G,FI,P,255845,76330,315013,184424,832890
2020,-,-,-,-,G,FI,P,199261,79634,292620,157555,728529
2021,-,-,-,-,G,FI,P,292196,84330,321537,163713,861776
2022,-,-,-,-,G,FI,P,305856,142723,342970,338274,1129823
2023,-,-,-,-,G,FI,P,450560,179814,369321,625981,1625676
2000,-,-,-,-,G,IN,C,16695,0,21607,21577,59882
2001,-,-,-,-,G,IN,C,20491,0,26920,21724,69135
2002,-,-,-,-,G,IN,C,19259,0,33753,30841,83853
2003,-,-,-,-,G,IN,C,11636,0,28252,48730,88618
2004,-,-,-,-,G,IN,C,10280,0,21610,77043,108933
2005,-,-,-,-,G,IN,C,9579,0,20216,83343,113138
2006,-,-,-,-,G,IN,C,10043,0,22730,43867,76640
2007,-,-,-,-,G,IN,C,10197,0,26830,22498,59525
2008,-,-,-,-,G,IN,C,9783,0,21721,13854,45358
2009,-,-,-,-,G,IN,C,9620,0,1983,20910,32513
2010,-,-,-,-,G,IN,C,9162,0,948,19366,29476
2011,-,-,-,-,G,IN,C,11433,0,1151,22789,35373
2012,-,-,-,-,G,IN,C,14392,0,1097,22709,38198
2013,-,-,-,-,G,IN,C,11577,0,705,15639,27921
2014,-,-,-,-,G,IN,C,12778,0,5464,14779,33021
2015,-,-,-,-,G,IN,C,15298,0,290,23415,39003
2016,-,-,-,-,G,IN,C,11193,0,89,20542,31824
2017,-,-,-,-,G,IN,C,15666,0,19545,23757,58968
2018,-,-,-,-,G,IN,C,20618,0,33550,30507,84675
2019,-,-,-,-,G,IN,C,23688,0,53146,15571,92405
2020,-,-,-,-,G,IN,C,8185,0,23318,16300,47803
2021,-,-,-,-,G,IN,P,10705,0,29104,21728,61537
2022,-,-,-,-,G,IN,P,19895,0,22882,17704,60481
2023,-,-,-,-,G,IN,P,31234,0,11430,53952,96616
2000,-,-,-,-,G,JR,C,365,0,300,1430,2095
2001,-,-,-,-,G,JR,C,260,0,60,1980,2300
2002,-,-,-,-,G,JR,C,25,0,60,2890,2975
2003,-,-,-,-,G,JR,C,30,0,55,2155,2240
2004,-,-,-,-,G,JR,C,15,0,30,1085,1130
2005,-,-,-,-,G,JR,C,25,0,25,1575,1625
2006,-,-,-,-,G,JR,C,25,0,35,1720,1790
2007,-,-,-,-,G,JR,C,15,0,167,2293,2475
2008,-,-,-,-,G,JR,C,30,5,155,2445,2635
2009,-,-,-,-,G,JR,C,12,0,49,0,61
2012,-,-,-,-,G,JR,C,19,0,9523,647,10494
2013,-,-,-,-,G,JR,C,348,40,7306,1582,9276
2014,-,-,-,-,G,JR,C,312,15,5176,294,5797
2015,-,-,-,-,G,JR,C,244,20,3608,882,4754
2016,-,-,-,-,G,JR,C,220,15,3976,183,4394
2003,-,-,-,-,G,JR,P,15,217,390,0,622
2004,-,-,-,-,G,JR,P,29,20,5,55,130
2005,-,-,-,-,G,JR,P,5,0,558,328,891
2006,-,-,-,-,G,JR,P,0,0,149,18,167
2007,-,-,-,-,G,JR,P,0,0,125,0,146
2008,-,-,-,-,G,JR,P,0,0,5,0,5
2009,-,-,-,-,G,JR,P,0,0,12,0,12
2010,-,-,-,-,G,JR,P,371,1579,15403,2178,19531
2011,-,-,-,-,G,JR,P,4962,2585,27336,264,35147
2012,-,-,-,-,G,JR,P,1745,357,39407,110,41619
2013,-,-,-,-,G,JR,P,442,615,957,10,2024
2014,-,-,-,-,G,JR,P,417,454,1786,186,2843
2015,-,-,-,-,G,JR,P,1765,1152,18919,41795,63631
2016,-,-,-,-,G,JR,P,7494,1800,22888,39253,71435
2017,-,-,-,-,G,JR,P,23811,8790,47552,66900,147053
2018,-,-,-,-,G,JR,P,16115,14850,84718,81176,196859
2019,-,-,-,-,G,JR,P,8977,13387,62678,71096,156138
2020,-,-,-,-,G,JR,P,6723,14567,47311,58685,127286
2021,-,-,-,-,G,JR,P,7019,13020,38330,52108,110477
2022,-,-,-,-,G,JR,P,6276,11015,35082,62196,114569
2023,-,-,-,-,G,JR,P,4485,4631,34050,66051,109217
2000,-,-,-,-,G,NA,P,10900,1354,60263,6930,79447
2001,-,-,-,-,G,NA,P,17546,2384,54263,5498,79691
2002,-,-,-,-,G,NA,P,6036,1013,77094,7211,91354
2003,-,-,-,-,G,NA,P,2854,1147,61727,4378,70106
2004,-,-,-,-,G,NA,P,1751,767,37877,5459,45854
2005,-,-,-,-,G,NA,P,1318,419,26950,4161,32848
2006,-,-,-,-,G,NA,P,961,297,17427,3052,21737
2007,-,-,-,-,G,NA,P,2732,321,12428,2650,18131
2008,-,-,-,-,G,NA,P,5900,330,6583,2937,15750
2009,-,-,-,-,G,NA,P,7127,1250,11127,3663,23167
2010,-,-,-,-,G,NA,P,6761,2317,26156,5118,40352
2011,-,-,-,-,G,NA,P,6482,2304,22572,5021,36379
2012,-,-,-,-,G,NA,P,8072,5701,29404,5456,48633
2013,-,-,-,-,G,NA,P,10277,8547,30053,19084,67961
2014,-,-,-,-,G,NA,P,31041,6485,39523,31129,108178
2015,-,-,-,-,G,NA,P,128931,3114,87462,33903,253410
2016,-,-,-,-,G,NA,P,253102,175345,166994,62525,657966
2017,-,-,-,-,G,NA,P,121916,134357,225806,82100,564179
2018,-,-,-,-,G,NA,P,39639,32812,72001,44331,188783
2019,-,-,-,-,G,NA,P,43817,23932,51382,38590,157721
2020,-,-,-,-,G,NA,P,55388,4599,19088,44068,123143
2000,-,-,-,-,G,RA,C,250,180,605,125,1160
2001,-,-,-,-,G,RA,C,3810,2950,14120,370,21250
2002,-,-,-,-,G,RA,C,2005,975,1700,40,4720
2003,-,-,-,-,G,RA,C,445,365,2950,70,3830
2004,-,-,-,-,G,RA,C,530,215,3860,360,4965
2005,-,-,-,-,G,RA,C,285,135,2215,225,2860
2007,-,-,-,-,G,RA,C,340,190,850,70,1450
2014,-,-,-,-,G,RA,C,0,0,0,34,34
2015,-,-,-,-,G,RA,C,0,0,0,51,51
2016,-,-,-,-,G,RA,C,0,0,0,21,21
2017,-,-,-,-,G,RA,C,25,5,244,448,722
2019,-,-,-,-,G,RA,C,280,46,1259,957,2542
2000,-,-,-,-,G,RA,P,553,224,1555,23700,26032
2001,-,-,-,-,G,RA,P,7437,968,1110,20222,29737
2002,-,-,-,-,G,RA,P,2635,570,1711,35983,40899
2003,-,-,-,-,G,RA,P,3551,379,1266,21789,26985
2004,-,-,-,-,G,RA,P,5253,178,685,14898,21014
2005,-,-,-,-,G,RA,P,10762,198,467,13383,24810
2006,-,-,-,-,G,RA,P,4451,631,328,7985,13395
2007,-,-,-,-,G,RA,P,9288,886,321,5302,15797
2008,-,-,-,-,G,RA,P,1391,210,170,3258,5029
2009,-,-,-,-,G,RA,P,5028,1666,191,4052,10937
2010,-,-,-,-,G,RA,P,5212,1359,1240,5597,13408
2011,-,-,-,-,G,RA,P,621,281,1163,5050,7115
2012,-,-,-,-,G,RA,P,697,2699,1332,8717,13445
2013,-,-,-,-,G,RA,P,663,665,1135,12284,14747
2014,-,-,-,-,G,RA,P,2280,834,3562,18888,25564
2015,-,-,-,-,G,RA,P,9284,1466,6625,21473,38848
2016,-,-,-,-,G,RA,P,4715,4209,12436,34747,56107
2017,-,-,-,-,G,RA,P,4359,3837,10467,29749,48412
2018,-,-,-,-,G,RA,P,3266,2213,12779,23751,42009
2019,-,-,-,-,G,RA,P,2097,1603,8735,24163,36598
2020,-,-,-,-,G,RA,P,2387,1420,12681,19263,35751
2021,-,-,-,-,G,RA,P,2524,1770,5821,39143,49258
2022,-,-,-,-,G,RA,P,4081,10210,5862,22366,42519
2023,-,-,-,-,G,RA,P,5817,4564,8498,23684,42563
2007,-,-,-,-,G,SP,P,0,116,13,56,185
2008,-,-,-,-,G,SP,P,0,10,5,23,38
2010,-,-,-,-,G,SP,P,0,0,527,0,527
2011,-,-,-,-,G,SP,P,0,5,866,0,871
2012,-,-,-,-,G,SP,P,0,21,366,0,387
2013,-,-,-,-,G,SP,P,0,25,574,91,690
2014,-,-,-,-,G,SP,P,273,0,583,1463,2319
2015,-,-,-,-,G,SP,P,218,0,752,760,1730
2016,-,-,-,-,G,SP,P,142,0,467,462,1071
2020,-,-,-,-,G,SP,P,0,0,10,0,10
2021,-,-,-,-,G,SP,P,0,10,0,0,10
2010,-,-,-,-,G,TA,P,0,1024,944,0,1968
2011,-,-,-,-,G,TA,P,634,0,0,447,1081
2012,-,-,-,-,G,TA,P,639,0,465,0,1104
2013,-,-,-,-,G,TA,P,0,1650,384,265,2299
2014,-,-,-,-,G,TA,P,0,250044,774,16687,267505
2015,-,-,-,-,G,TA,P,0,149562,942,21,150525
2016,-,-,-,-,G,TA,P,0,21972,0,1716,23688
2017,-,-,-,-,G,TA,P,0,10380,0,3935,14315
2018,-,-,-,-,G,TA,P,0,5995,0,2108,8103
2019,-,-,-,-,G,TA,P,5945,0,0,1685,7630
2020,-,-,-,-,G,TA,P,5547,0,0,1774,7321
2021,-,-,-,-,G,TA,P,4003,0,0,986,4989
2022,-,-,-,-,G,TA,P,98644,0,0,3542,102186
2023,-,-,-,-,G,TA,P,6831,0,0,1541,8372
2010,-,-,-,-,G,TP,P,0,896,0,0,896
2011,-,-,-,-,G,TP,P,0,987,0,0,987
2000,-,-,-,-,G,TR,P,0,5,0,0,5
2003,-,-,-,-,J,AR,P,0,24,0,0,24
2004,-,-,-,-,J,AR,P,0,102,10,39,151
2008,-,-,-,-,J,AR,P,0,0,121,0,121
2015,-,-,-,-,J,AR,P,184,0,25,285,494
2016,-,-,-,-,J,AR,P,76,0,0,197,273
2017,-,-,-,-,J,AR,P,35,0,0,798,833
2019,-,-,-,-,J,AR,P,62,0,0,0,62
2020,-,-,-,-,J,AR,P,55,0,0,0,55
2021,-,-,-,-,J,AR,P,15,0,0,0,15
2006,-,-,-,-,J,FA,C,36,345,940,386,1707
2007,-,-,-,-,J,FA,C,62,0,212,0,274
2008,-,-,-,-,J,FA,C,26,0,433,3058,3517
2009,-,-,-,-,J,FA,C,43,0,86,69,198
2007,-,-,-,-,J,FA,P,39,0,335,139,513
2008,-,-,-,-,J,FA,P,906,0,810,18,1734
2009,-,-,-,-,J,FA,P,336,0,301,80,717
2010,-,-,-,-,J,FA,P,306,10,669,69,1054
2011,-,-,-,-,J,FA,P,35,0,233,8244,8512
2012,-,-,-,-,J,FA,P,29,0,540,0,569
2013,-,-,-,-,J,FA,P,10,0,5,0,15
2014,-,-,-,-,J,FA,P,202,0,0,23,225
2015,-,-,-,-,J,FA,P,104,0,35,10,149
2016,-,-,-,-,J,FA,P,38,0,0,404,442
2017,-,-,-,-,J,FA,P,112,0,0,0,112
2001,-,-,-,-,J,FI,C,287,0,2913,0,3200
2002,-,-,-,-,J,FI,P,115,0,73,1328,1516
2003,-,-,-,-,J,FI,P,114,0,93,5,212
2004,-,-,-,-,J,FI,P,81,10,289,53,433
2005,-,-,-,-,J,FI,P,2484,0,2659,2834,7977
2006,-,-,-,-,J,FI,P,4899,0,10544,11346,26789
2007,-,-,-,-,J,FI,P,19896,0,10,68,19974
2008,-,-,-,-,J,FI,P,16946,8417,3504,3340,32207
2009,-,-,-,-,J,FI,P,19193,0,991,1422,21606
2010,-,-,-,-,J,FI,P,3312,0,707,2184,6203
2011,-,-,-,-,J,FI,P,6128,27,5,1350,7510
2012,-,-,-,-,J,FI,P,16536,5,1031,945,18517
2013,-,-,-,-,J,FI,P,354,0,71,144,569
2014,-,-,-,-,J,FI,P,3690,0,517,4667,8874
2015,-,-,-,-,J,FI,P,4440,1488,92,3968,9988
2016,-,-,-,-,J,FI,P,5353,534,10,8988,14885
2017,-,-,-,-,J,FI,P,2519,0,5,4085,6609
2018,-,-,-,-,J,FI,P,2356,5,220,2822,5403
2019,-,-,-,-,J,FI,P,1109,0,66,922,2097
2020,-,-,-,-,J,FI,P,328,0,0,79,407
2021,-,-,-,-,J,FI,P,264,0,0,25,289
2022,-,-,-,-,J,FI,P,362,0,0,133,495
2023,-,-,-,-,J,FI,P,683,220,0,54,957
2006,-,-,-,-,U,AR,C,5,0,28,0,33
2007,-,-,-,-,U,AR,C,28,0,10,0,38
2014,-,-,-,-,U,AR,C,0,0,0,5,5
2000,-,-,-,-,U,AR,P,190,0,295,0,485
2002,-,-,-,-,U,AR,P,91,0,49,0,140
2003,-,-,-,-,U,AR,P,69,0,403,0,472
2004,-,-,-,-,U,AR,P,151,0,427,23,601
2005,-,-,-,-,U,AR,P,287,0,756,79,1122
2006,-,-,-,-,U,AR,P,972,0,1429,472,2873
2007,-,-,-,-,U,AR,P,622,0,2334,574,3530
2008,-,-,-,-,U,AR,P,905,0,2325,862,4092
2009,-,-,-,-,U,AR,P,1134,0,2218,1553,4905
2010,-,-,-,-,U,AR,P,927,16,2364,1804,5111
2011,-,-,-,-,U,AR,P,3686,0,3695,1920,9301
2012,-,-,-,-,U,AR,P,809,0,2540,849,4198
2013,-,-,-,-,U,AR,P,1204,0,2426,967,4597
2014,-,-,-,-,U,AR,P,1376,0,4122,1313,6811
2015,-,-,-,-,U,AR,P,1798,0,4620,775,7193
2016,-,-,-,-,U,AR,P,854,0,4186,3354,8394
2017,-,-,-,-,U,AR,P,758,0,6070,910,7738
2018,-,-,-,-,U,AR,P,548,0,6791,732,8071
2019,-,-,-,-,U,AR,P,837,0,2299,1329,4465
2020,-,-,-,-,U,AR,P,824,0,764,1395,2983
2021,-,-,-,-,U,AR,P,589,0,3129,555,4273
2022,-,-,-,-,U,AR,P,980,0,2115,5324,8419
2023,-,-,-,-,U,AR,P,1125,0,2191,1042,4358
2004,-,-,-,-,U,FA,C,185,0,209,6010,6404
2005,-,-,-,-,U,FA,C,296,0,595,245,1136
2006,-,-,-,-,U,FA,C,22,0,5,103,130
2001,-,-,-,-,U,FA,P,648,0,532,291,1471
2002,-,-,-,-,U,FA,P,725,0,987,887,2599
2003,-,-,-,-,U,FA,P,750,0,354,1305,2409
2004,-,-,-,-,U,FA,P,5722,16631,6162,8363,36878
2005,-,-,-,-,U,FA,P,12662,39,4461,9040,26202
2006,-,-,-,-,U,FA,P,13058,5,6249,6888,26200
2007,-,-,-,-,U,FA,P,7391,17,3327,3135,13870
2008,-,-,-,-,U,FA,P,4015,10,2337,5516,11878
2009,-,-,-,-,U,FA,P,39636,158,1820,5696,47310
2010,-,-,-,-,U,FA,P,2818,83,996,4720,8617
2011,-,-,-,-,U,FA,P,7402,10,2501,5159,15072
2012,-,-,-,-,U,FA,P,5458,37,2158,11289,18942
2013,-,-,-,-,U,FA,P,10097,0,1609,1956,13662
2014,-,-,-,-,U,FA,P,494,0,276,402,1172
2015,-,-,-,-,U,FA,P,624,0,267,54,945
2016,-,-,-,-,U,FA,P,49,0,15,15,79
2017,-,-,-,-,U,FA,P,506,0,0,54,560
2018,-,-,-,-,U,FA,P,255,0,0,2517,2772
2019,-,-,-,-,U,FA,P,32,0,23,546,601
2000,-,-,-,-,U,FI,C,1198,86,3113,3299,7696
2001,-,-,-,-,U,FI,C,2041,229,1998,769,5037
2002,-,-,-,-,U,FI,C,2803,0,3011,1230,7044
2003,-,-,-,-,U,FI,C,401,0,1242,24062,25705
2004,-,-,-,-,U,FI,C,57,0,297,74,428
2005,-,-,-,-,U,FI,C,91,0,503,257,851
2006,-,-,-,-,U,FI,C,112,0,149,0,261
2007,-,-,-,-,U,FI,C,178,0,277,165,620
2013,-,-,-,-,U,FI,C,5,0,0,25,30
2014,-,-,-,-,U,FI,C,15,0,0,20,35
2015,-,-,-,-,U,FI,C,29,0,0,54,83
2016,-,-,-,-,U,FI,C,5,0,0,5,10
2018,-,-,-,-,U,FI,C,5,0,0,0,5
2000,-,-,-,-,U,FI,P,17313,7278,19660,10065,54322
2001,-,-,-,-,U,FI,P,24327,171,20421,9552,54471
2002,-,-,-,-,U,FI,P,14778,57,19733,22135,56703
2003,-,-,-,-,U,FI,P,17619,7305,11538,13630,50092
2004,-,-,-,-,U,FI,P,10443,24,4964,13074,28505
2005,-,-,-,-,U,FI,P,35212,1430,3465,7125,47232
2006,-,-,-,-,U,FI,P,28875,83,4856,16006,49820
2007,-,-,-,-,U,FI,P,28535,2313,5664,33646,70158
2008,-,-,-,-,U,FI,P,30912,427,5539,13924,50802
2009,-,-,-,-,U,FI,P,17685,0,6183,18559,42427
2010,-,-,-,-,U,FI,P,45029,178,8232,16402,69841
2011,-,-,-,-,U,FI,P,29559,76,5051,35274,69960
2012,-,-,-,-,U,FI,P,35719,104,7193,24997,68013
2013,-,-,-,-,U,FI,P,46586,0,9610,25727,81923
2014,-,-,-,-,U,FI,P,79110,5,13051,93375,185541
2015,-,-,-,-,U,FI,P,71219,1067,10594,42485,125365
2016,-,-,-,-,U,FI,P,61987,55,14099,54068,130209
2017,-,-,-,-,U,FI,P,64484,0,14323,83988,162795
2018,-,-,-,-,U,FI,P,46447,293,12180,113073,171993
2019,-,-,-,-,U,FI,P,44700,0,5386,68580,118666
2020,-,-,-,-,U,FI,P,27002,0,7263,32875,67140
2021,-,-,-,-,U,FI,P,16194,0,4879,25835,46908
2022,-,-,-,-,U,FI,P,34114,0,5867,42373,82354
2023,-,-,-,-,U,FI,P,36870,0,5277,40831,82978
2003,-,-,-,-,U,JR,P,0,0,0,5,5
2009,-,-,-,-,U,JR,P,0,0,0,15,15
2016,-,-,-,-,U,JR,P,61,0,727,129,917
2017,-,-,-,-,U,JR,P,50,0,693,190,933
2018,-,-,-,-,U,JR,P,10,0,115,27,152
2019,-,-,-,-,U,JR,P,18,0,0,20,38
2016,-,-,-,-,U,NA,P,325,0,0,0,325
2005,-,-,-,-,U,RA,P,38,0,61,15,114
2006,-,-,-,-,U,RA,P,279,0,99,10,388
2007,-,-,-,-,U,RA,P,202,5,97,171,475
2008,-,-,-,-,U,RA,P,123,0,55,101,279
2009,-,-,-,-,U,RA,P,107,0,64,91,262
2010,-,-,-,-,U,RA,P,86,0,153,408,647
2011,-,-,-,-,U,RA,P,144,0,223,345,712
2012,-,-,-,-,U,RA,P,67,0,124,214,405
2013,-,-,-,-,U,RA,P,153,0,146,139,438
2014,-,-,-,-,U,RA,P,733,0,150,73,956
2015,-,-,-,-,U,RA,P,992,0,118,542,1652
2016,-,-,-,-,U,RA,P,879,0,101,340,1320
2017,-,-,-,-,U,RA,P,242,0,36,159,437
2018,-,-,-,-,U,RA,P,273,0,381,121,775
2019,-,-,-,-,U,RA,P,113,0,45,170,328
2020,-,-,-,-,U,RA,P,65,0,5,196,266
2021,-,-,-,-,U,RA,P,72,0,15,1265,1352
2022,-,-,-,-,U,RA,P,57,0,23,10,90
2023,-,-,-,-,U,RA,P,67,0,23,66,156
